id,title,content,link,type,image
collection01,S5 Style,æ”¶é›†ä¾†è‡ªæ—¥æœ¬å’Œå„åœ‹çš„ç¶²é è¨­è¨ˆï¼Œæœ‰è‘—å„ç¨®ç¯©é¸å’Œé€²éšè‡ªè¨‚ç¾©åŠæˆ‘çš„æœ€æ„›,https://bm.s5-style.com/,web-collection,/images/resource/s5
collection02,MUUUUU,"æƒ…å ±è¨­è¨ˆã®å‚è€ƒã«ã—ã‚„ã™ãã€ç¾å ´ãƒ¬ãƒ™ãƒ«ã§WEBãƒ‡ã‚¶ã‚¤ãƒŠãƒ¼ãŒå‚è€ƒã«ã—æ˜“ã„ã§ã‚ã‚ã†ã€
ç¸¦ã«é•·ãã‚ªãƒ¼ã‚½ãƒ‰ãƒƒã‚¯ã‚¹ãªãƒ¬ã‚¤ã‚¢ã‚¦ãƒˆã§ã‹ã¤ã€éå¸¸ã«ãƒ‡ã‚¶ã‚¤ãƒ³ãŒå„ªã‚ŒãŸã‚µã‚¤ãƒˆã‚’å³é¸ã—ã¦æ²è¼‰ã—ã¦ãŠã‚Šã¾ã™ã€‚",https://muuuuu.org/,web-collection,/images/resource/muuuu
collection03,ãƒ‡ã‚¶ã‚¤ãƒ³ã®ã“ã¨ â€“ Web design gallery,å›½å†…ã€æµ·å¤–ã®ã‚¦ã‚§ãƒ–ãƒ‡ã‚¶ã‚¤ãƒ³ã€ãƒ‘ã‚½ã‚³ãƒ³ãƒ»ã‚¿ãƒ–ãƒ¬ãƒƒãƒˆãƒ»ã‚¹ãƒãƒ¼ãƒˆãƒ•ã‚©ãƒ³ã§ã‚‚è¦‹ã‚„ã™ã„ãƒ¬ã‚¹ãƒãƒ³ã‚·ãƒ–å¯¾å¿œã®ã€Œã‚ã€ã„ã„ãªã€ã¨æ€ã†ã‚¦ã‚§ãƒ–ãƒ‡ã‚¶ã‚¤ãƒ³ã‚’é›†ã‚ã¦ã„ã¾ã™ã€‚,https://designnokoto.com/,web-collection,/images/resource/designnokoto
collection04,RWDJP,æ—¥æœ¬å›½å†…ã®ç§€é€¸ãªãƒ¬ã‚¹ãƒãƒ³ã‚·ãƒ–Webãƒ‡ã‚¶ã‚¤ãƒ³ã‚’é›†ã‚ãŸã‚®ãƒ£ãƒ©ãƒªãƒ¼ã‚µã‚¤ãƒˆ,https://responsive-jp.com/,web-collection,/images/resource/rwdjp
collection05,WebDesignClip,Webã‚µã‚¤ãƒˆåˆ¶ä½œã®å‚è€ƒã«ãªã‚‹æ—¥æœ¬ã®Webãƒ‡ã‚¶ã‚¤ãƒ³ãƒªãƒ³ã‚¯é›†,https://webdesignclip.com/,web-collection,/images/resource/webdesignclip
collection06,bookma,æ„Ÿæ€§ã‚’åˆºæ¿€ã™ã‚‹ Webãƒ‡ã‚¶ã‚¤ãƒ³ã‚®ãƒ£ãƒ©ãƒªãƒ¼ãƒ–ãƒƒã‚¯ãƒï¼,https://bookma.org/,web-collection,/images/resource/bookma
collection07,81-web.com,Webã‚µã‚¤ãƒˆåˆ¶ä½œã«å½¹ç«‹ã¤ã€æ—¥æœ¬ã®å„ªã‚ŒãŸWebãƒ‡ã‚¶ã‚¤ãƒ³ãƒ»Webã‚µã‚¤ãƒˆã‚®ãƒ£ãƒ©ãƒªãƒ¼ï¼†ãƒªãƒ³ã‚¯é›†,https://81-web.com,web-collection,/images/resource/81-web
collection08,straightline,æ—¥æœ¬ç¶²ç«™æ”¶é›†,http://bm.straightline.jp/,web-collection,/images/resource/straightline
collection09,One Page Love,"One Page Love is the leading showcase of beautiful One Page websites, templates and resources.",https://onepagelove.com/,web-collection,/images/resource/onepagelove
collection10,awwwards,"Awwwards are the Website Awards that recognize and promote the talent and effort of the best developers, designers and web agencies in the world.",,web-collection,/images/resource/awwwards
collection11,land-book,"At Land-book, youâ€™ll find a great variety of different types of websites. No matter what project youâ€™re working on, thereâ€™s always something that might inspire and encourage you to do even better stuff. :)

",https://land-book.com/,web-collection,/images/resource/land-book
collection12,siteinspire,Siteinspire is a showcase of the finest web and interactive design.,https://www.siteinspire.com/,web-collection,/images/resource/siteinspire
collection13,gdweb,éŸ“åœ‹ç¶²ç«™å‰µæ„æ”¶é›†,https://www.gdweb.co.kr/main/,web-collection,/images/resource/gdweb
collection14,dbcut,éŸ“åœ‹ç¶²ç«™æ”¶é›†,https://www.dbcut.com/bbs/index.php,web-collection,/images/resource/dbcut
coolection15,Mobbin,æ”¶é›†ä¾†è‡ªå„åœ‹å’Œå„ç¨®å•Ÿç™¼æ€§ APP ä»‹é¢æˆªåœ–,https://mobbin.com/browse/ios/apps,app-collection,/images/resource/mobbin
colection16,UI movement,ä»¥å‹•ç•«çš„æ–¹å¼å±•ç¤º APP çš„æ“ä½œèˆ‡äº’å‹•,https://screenlane.com/?ref=uimovement,app-collection,/images/resource/uimovement
collection17,collectui,æ”¶é›†å„ç¨® desgin pattern,https://collectui.com/,app-collection,/images/resource/collectui
collection18,tinyPng,"Smart WebP, PNG and JPEG compression",https://tinypng.com/,web-tool,/images/resource/tinypng
collection19,Magic Pattern,Beautiful pure CSS background patterns that you can actually use in your projects!,https://www.magicpattern.design/tools/css-backgrounds,web-tool,/images/resource/magicpattern
collection20,Artschooool ç¾æ„Ÿç ”ç©¶æ‰€,çµåˆå·¥å…·æŠ€è¡“å’Œæ€ç¶­ï¼›æ‰‹è…¦ä¸¦ç”¨åˆ°é”å¿ƒä¹‹æ‰€å‘ â–«ï¸è»Ÿé«”æ•™å­¸ Ai.Ps.Ae.C4d â–«ï¸è¨­è¨ˆæ€ç¶­/ æå‡å·¥ä½œæ•ˆç‡å°æŠ€èƒ½,https://www.instagram.com/artschooool/,ig-collection,/images/resource/artschool
collection21,Out Of Design åœˆå¤–è¨­è¨ˆ TW,å°‡è¤‡é›œé›£æ‡‚çš„è¨­è¨ˆçŸ¥è­˜ç¿»è­¯æˆç™½è©±æ–‡ã€åšæˆæ‡¶äººåŒ…,https://www.instagram.com/out_of_design/,ig-collection,/images/resource/outofdesign
collection22,è¨­è¨ˆæ¸¸ç‰§,Podacstã€æ­æ´²è§€é»ã€‘Fintech èˆ‡è¨­è¨ˆç³»çµ± ğŸ‡¸ğŸ‡ª Patienceï¼šPaypal UX è¨­è¨ˆå¸«,https://designnomads.co/podcast/ep41-design-system-in-fintech,press-collection,/images/resource/designnomads
collection23,ä¸€å¡Šè¨­è¨ˆ,UIUXã€ç¾æ„Ÿé¤Šæˆã€è¨­è¨ˆè·æ¶¯ æ–‡ç« å‡ºå“,https://apodesign.tw//,press-collection,/images/resource/apodesign
collection24,read_and_reframe,ä»¥æ›¸æœ¬é–±è®€å¿ƒå¾—åˆ†äº«ï¼Œæå‡ç”¢å“è¨­è¨ˆå¸«åƒ¹å€¼èˆ‡è§€é»,https://www.instagram.com/read_and_reframe/,ig-collection,/images/resource/read_and_reframe
collection25,Design Tips Today,"Design Tips for Today!
ä»‹ç´¹ Prototyping, DesignOps ç­‰ç›¸é—œçš„å…¥é–€è³‡æºï¼Œè—‰ç”±æ¨å»£çŸ¥è­˜/ç·šä¸Šèª²ç¨‹çš„æ–¹å¼ï¼Œè®“æ›´å¤šäººäº†è§£ä¸¦å°å…¥è¨­è¨ˆæµç¨‹ä¸­",https://www.facebook.com/designtipstoday,press-collection,/images/resource/designtipstoday